"","OID_","VALUE","COUNT","VALUE_1","COUNT_1","EVT_NAME","LFRDB","EVT_FUEL","EVT_FUEL_N","EVT_LF","EVT_PHYS","EVT_GP","EVT_GP_N","SAF_SRM","EVT_ORDER","EVT_CLASS","EVT_SBCLS","R","G","B","RED","GREEN","BLUE","ACRES","REL_PERCENT"
"1",68,7974,59029024,7974,509062770,"Eastern Cool Temperate Row Crop",7974,2964,"Da Row Crop","Agriculture","Agricultural",64,"Agricultural-Row Crop","LF 80: Agriculture","Herbaceous / Nonvascular-dominated","Herbaceous - grassland","Annual Graminoid/Forb",250,255,119,0.980392,1,0.466667,13127739,17.6
"2",17,7302,45846703,7302,194172506,"Laurentian-Acadian Northern Hardwoods Forest",7302,2302,"Tr Laurentian-Acadian Northern Hardwoods Forest","Tree","Hardwood",682,"Yellow Birch-Sugar Maple Forest","SAF 27: Sugar Maple","Tree-dominated","Closed tree canopy","Deciduous closed tree canopy",171,255,138,0.670588,1,0.541176,10196061,13.6
"3",45,7481,24459809,7481,48836616,"Laurentian-Acadian Alkaline Conifer-Hardwood Swamp",7481,2481,"Tr Laurentian-Acadian Alkaline Conifer-Hardwood Swamp","Tree","Riparian",694,"Atlantic Swamp Forests","SAF 39: Black Ash-American Elm-Red Maple","Tree-dominated","Closed tree canopy","Mixed evergreen-deciduous closed tree canopy",50,137,168,0.196078,0.537255,0.658824,5439731,7.3
"4",15,7299,18097130,7299,278209151,"Developed-Roads",7299,2905,"Bau Developed-Roads","Developed","Developed-Roads",25,"Developed-Roads","LF 20: Developed","No Dominant Lifeform","No Dominant Lifeform","Developed",1,1,1,0.003922,0.003922,0.003922,4024705,5.4
"5",71,7977,17040566,7977,345792411,"Eastern Cool Temperate Pasture and Hayland",7977,2967,"Dab Pasture and Hayland","Herb","Agricultural",67,"Agricultural-Pasture and Hayland","LF 80: Agriculture","Herbaceous / Nonvascular-dominated","Herbaceous - grassland","Annual Graminoid/Forb",227,212,28,0.890196,0.831373,0.109804,3789731,5.1
"6",16,7301,11465285,7301,49494962,"Laurentian-Acadian Sub-boreal Aspen-Birch Forest",7301,2301,"Tr Boreal Aspen-Birch Forest","Tree","Hardwood",652,"Aspen-Birch Forest","SAF 16: Aspen","Tree-dominated","Closed tree canopy","Deciduous closed tree canopy",192,255,138,0.752941,1,0.541176,2549818,3.4
"7",69,7975,10070600,7975,26398524,"Eastern Cool Temperate Close Grown Crop",7975,2965,"Da Close Grown Crop","Agriculture","Agricultural",65,"Agricultural-Close Grown Crop","LF 80: Agriculture","Herbaceous / Nonvascular-dominated","Herbaceous - grassland","Annual Graminoid/Forb",255,237,119,1,0.929412,0.466667,2239648,3
"8",10,7292,9051237,7292,618852475,"Open Water",7292,11,"Ba Open Water","Water","Open Water",11,"Open Water","LF 11: Water","Non-vegetated","Non-vegetated","Non-vegetated",0,0,255,0,0,1,2012947,2.7
"9",117,9315,7389032,9315,55767011,"Northern & Central Native Ruderal Forest",9315,2566,"Tr Northern & Central Native Ruderal Forest","Tree","Conifer-Hardwood",740,"Ruderal Forest","LF 53: Ruderal Forest","Tree-dominated","Open tree canopy","Mixed evergreen-deciduous open tree canopy",255,105,46,1,0.411765,0.180392,1643281,2.2
"10",12,7296,7076248,7296,101146235,"Developed-Low Intensity",7296,2902,"Bau Developed-Low Intensity","Developed","Developed-Low Intensity",22,"Developed-Low Intensity","LF 20: Developed","No Dominant Lifeform","No Dominant Lifeform","Developed",255,122,143,1,0.478431,0.560784,1573720,2.1
"11",76,9056,6843654,9056,26154243,"Boreal-Laurentian Conifer Acidic Swamp and Treed Poor Fen",9056,2477,"Tr Boreal Acidic Peatland Systems","Tree","Riparian",683,"Peatland Forests","SAF 13: Black Spruce-Tamarack","Tree-dominated","Open tree canopy","Evergreen open tree canopy",186,163,119,0.729412,0.639216,0.466667,1521992,2
"12",82,9089,6734367,9089,16183517,"Laurentian-Acadian Sub-boreal Mesic Balsam Fir-Spruce Forest",9089,2365,"Tr Boreal White Spruce-Fir Forest","Tree","Conifer",693,"Spruce-Fir-Hardwood Forest","SAF 5: Balsam Fir","Tree-dominated","Closed tree canopy","Evergreen closed tree canopy",182,250,227,0.713725,0.980392,0.890196,1497687,2
"13",70,7976,6091047,7976,36866091,"Eastern Cool Temperate Fallow/Idle Cropland",7976,2966,"Dab Fallow/Idle Cropland","Herb","Agricultural",66,"Agricultural-Fallow/Idle Cropland","LF 80: Agriculture","Herbaceous / Nonvascular-dominated","Herbaceous - grassland","Annual Graminoid/Forb",255,255,119,1,1,0.466667,1354616,1.8
"14",115,9312,5948713,9312,18042252,"Northeastern North American Temperate Forest Plantation",9312,2562,"Tr Northeastern North American Temperate Forest Plantation","Tree","Conifer",731,"Managed Tree Plantation","LF 61: Managed Tree Plantation","Tree-dominated","Open Tree Canopy","Evergreen open tree canopy",158,67,14,0.619608,0.262745,0.054902,1322962,1.8
"15",47,7511,5597501,7511,41504636,"Appalachian Northern Hardwood Forest",7370,2511,"Tr Appalachian Northern Hardwood Forest","Tree","Hardwood",685,"Pine-Hemlock-Hardwood Forest","SAF 60: Sugar Maple-Beech","Tree-dominated","Closed tree canopy","Deciduous closed tree canopy",0,38,115,0,0.14902,0.45098,1244854,1.7
"16",88,9112,5605244,9112,12341012,"Laurentian Jack Pine-Red Pine Forest",9112,2246,"Tr Laurentian Jack Pine-Red Pine Forest","Tree","Conifer",676,"Jack Pine Forest","SAF 15: Red Pine","Tree-dominated","Sparse tree canopy","Evergreen sparse tree canopy",174,245,224,0.682353,0.960784,0.878431,1246576,1.7
"17",101,9178,5868573,9178,8697680,"North-Central Interior and Appalachian Rich Swamp",9178,2479,"Tr Central Interior and Appalachian Swamp Systems","Tree","Riparian",694,"Atlantic Swamp Forests","SAF 39: Black Ash-American Elm-Red Maple","Tree-dominated","Open tree canopy","Mixed evergreen-deciduous open tree canopy",50,137,168,0.196078,0.537255,0.658824,1305139,1.7
"18",21,7313,5518403,7313,12934441,"North-Central Interior Beech-Maple Forest",7313,2313,"Tr North-Central Interior Beech-Maple Forest","Tree","Hardwood",655,"Beech-Maple-Basswood Forest","SAF 25: Sugar Maple-Beech-Yellow Birch","Tree-dominated","Closed tree canopy","Deciduous closed tree canopy",0,92,0,0,0.360784,0,1227263,1.6
"19",131,9817,5486928,9817,47513366,"Northern & Central Ruderal Meadow",9317,2568,"Sh Northern & Central Ruderal Meadow & Shrubland","Herb","Exotic Herbaceous",703,"Introduced Perennial Grassland and Forbland","LF 54: Introduced Upland Vegetation - Herbaceous","Herbaceous / Nonvascular-dominated","Herbaceous - grassland","Perennial graminoid grassland",255,105,46,1,0.411765,0.180392,1220263,1.6
"20",19,7310,4750527,7310,58206851,"North-Central Interior Dry-Mesic Oak Forest and Woodland",7310,2310,"Tr North-Central Interior Dry-Mesic Oak Forest and Woodland","Tree","Hardwood",660,"White Oak-Red Oak-Hickory Forest and Woodland","SAF 52: White Oak-Black Oak-Northern Red Oak","Tree-dominated","Closed tree canopy","Deciduous closed tree canopy",85,187,194,0.333333,0.733333,0.760784,1056492,1.4
"21",57,7908,4249220,7908,27994009,"Eastern Cool Temperate Urban Herbaceous",7908,2916,"Dgr Urban Herbaceous","Herb","Developed",16,"Developed-Upland Herbaceous","LF 20: Developed","Herbaceous / Nonvascular-dominated","Herbaceous - grassland","Perennial graminoid",202,122,245,0.792157,0.478431,0.960784,945004,1.3
"22",0,7238,4073023,7238,5862668,"Laurentian-Acadian Northern Oak Forest",7362,2238,"Tr Laurentian-Acadian Northern Oak Forest","Tree","Hardwood",665,"Red Pine-White Pine Forest and Woodland","SAF 15: Red Pine","Tree-dominated","Closed tree canopy","Deciduous closed tree canopy",174,245,224,0.682353,0.960784,0.878431,905819,1.2
"23",13,7297,4054541,7297,47439540,"Developed-Medium Intensity",7297,2903,"Bau Developed-Medium Intensity","Developed","Developed-Medium Intensity",23,"Developed-Medium Intensity","LF 20: Developed","No Dominant Lifeform","No Dominant Lifeform","Developed",253,44,79,0.992157,0.172549,0.309804,901708,1.2
"24",72,7978,3945024,7978,25395647,"Eastern Cool Temperate Wheat",7978,2968,"Da Wheat","Agriculture","Agricultural",68,"Agricultural-Wheat","LF 80: Agriculture","Herbaceous / Nonvascular-dominated","Herbaceous - grassland","Annual Graminoid/Forb",250,227,163,0.980392,0.890196,0.639216,877352,1.2
"25",25,7366,3668570,7366,14719555,"Laurentian-Acadian Pine-Hemlock Forest",7366,2366,"Tr Laurentian-Acadian Pine-Hemlock Forest","Tree","Conifer",685,"Pine-Hemlock-Hardwood Forest","SAF 24: Hemlock-Yellow Birch","Tree-dominated","Closed tree canopy","Evergreen closed tree canopy",0,92,0,0,0.360784,0,815870,1.1
"26",20,7311,3388722,7311,7889145,"North-Central Interior Dry Oak Forest and Woodland",7311,2311,"Tr North-Central Interior Dry Oak Forest and Woodland","Tree","Hardwood",663,"Black Oak Woodland and Savanna","SAF 110: Black Oak","Tree-dominated","Open tree canopy","Deciduous open tree canopy",85,187,194,0.333333,0.733333,0.760784,753634,1
"27",24,7362,3408453,7362,7644441,"Laurentian-Acadian Northern Pine Forest",7362,2362,"Tr Laurentian-Acadian Northern Pine Forest","Tree","Conifer",665,"Red Pine-White Pine Forest and Woodland","SAF 15: Red Pine","Tree-dominated","Closed tree canopy","Evergreen closed tree canopy",174,245,224,0.682353,0.960784,0.878431,758022,1
"28",54,7905,2770319,7905,27057926,"Eastern Cool Temperate Urban Deciduous Forest",7905,2913,"Dtd Urban Deciduous Forest","Tree","Developed",13,"Developed-Upland Deciduous Forest","LF 20: Developed","Tree-dominated","Open tree canopy","Deciduous open tree canopy",112,68,137,0.439216,0.266667,0.537255,616104,0.8
"29",1,7239,2193221,7239,5935352,"Laurentian-Acadian Northern Pine-(Oak) Forest",7362,2239,"Tr Laurentian-Acadian Northern Pine-Oak Forest","Tree","Conifer-Hardwood",665,"Red Pine-White Pine Forest and Woodland","SAF 15: Red Pine","Tree-dominated","Closed tree canopy","Mixed evergreen-deciduous closed tree canopy",174,245,224,0.682353,0.960784,0.878431,487761,0.7
"30",3,7241,2388687,7241,21330588,"Laurentian-Acadian Pine-Hemlock-Hardwood Forest",7366,2241,"Tr Laurentian-Acadian Pine-Hemlock-Hardwood Forest","Tree","Conifer-Hardwood",685,"Pine-Hemlock-Hardwood Forest","SAF 24: Hemlock-Yellow Birch","Tree-dominated","Closed tree canopy","Mixed evergreen-deciduous closed tree canopy",0,92,0,0,0.360784,0,531231,0.7
"31",14,7298,2273195,7298,23025357,"Developed-High Intensity",7298,2904,"Bau Developed-High Intensity","Developed","Developed-High Intensity",24,"Developed-High Intensity","LF 20: Developed","No Dominant Lifeform","No Dominant Lifeform","Developed",173,0,28,0.678431,0,0.109804,505546,0.7
"32",93,9117,1995351,9117,4849255,"Laurentian-Acadian Floodplain Forest",9117,2475,"Tr Laurentian-Acadian Floodplain Systems","Tree","Riparian",666,"Eastern Floodplain Forests","SAF 39: Black Ash-American Elm-Red Maple","Tree-dominated","Open tree canopy","Mixed evergreen-deciduous open tree canopy",50,137,168,0.196078,0.537255,0.658824,443755,0.6
"33",102,9179,1960388,9179,14209891,"North-Central Interior Floodplain Forest",9179,2471,"Tr Central Interior and Appalachian Floodplain Systems","Tree","Riparian",666,"Eastern Floodplain Forests","SAF 61: River Birch-Sycamore","Tree-dominated","Open tree canopy","Mixed evergreen-deciduous open tree canopy",0,92,0,0,0.360784,0,435980,0.6
"34",58,7909,1809305,7909,14889878,"Eastern Cool Temperate Urban Shrubland",7909,2917,"Dsh Urban Shrubland","Shrub","Developed",17,"Developed-Upland Shrubland","LF 20: Developed","Shrub-dominated","Shrubland","Mixed evergreen-deciduous shrubland",207,171,215,0.811765,0.670588,0.843137,402380,0.5
"35",18,7303,1474571,7303,73146636,"Northeastern Interior Dry-Mesic Oak Forest",7303,2303,"Tr Northeastern Interior Dry-Mesic Oak Forest","Tree","Hardwood",660,"White Oak-Red Oak-Hickory Forest and Woodland","SAF 52: White Oak-Black Oak-Northern Red Oak","Tree-dominated","Closed tree canopy","Deciduous closed tree canopy",85,187,194,0.333333,0.733333,0.760784,327937,0.4
"36",48,7512,1301883,7512,16793762,"Appalachian (Hemlock)-Northern Hardwood Forest",7370,2512,"Tr Appalachian Hemlock-Northern Hardwood Forest","Tree","Conifer-Hardwood",685,"Pine-Hemlock-Hardwood Forest","SAF 60: Sugar Maple-Beech","Tree-dominated","Closed tree canopy","Mixed evergreen-deciduous closed tree canopy",0,38,115,0,0.14902,0.45098,289532,0.4
"37",56,7907,1416199,7907,11162674,"Eastern Cool Temperate Urban Mixed Forest",7907,2915,"Dtm Urban Mixed Deciduous-Evergreen Forest","Tree","Developed",15,"Developed-Upland Mixed Forest","LF 20: Developed","Tree-dominated","Open tree canopy","Mixed evergreen-deciduous open tree canopy",194,158,215,0.760784,0.619608,0.843137,314955,0.4
"38",64,7970,1188785,7970,1723160,"Eastern Cool Temperate Orchard",7970,2960,"Dab Orchard","Tree","Agricultural",60,"Agricultural-Orchard","LF 80: Agriculture","Tree-dominated","Open tree canopy","Deciduous open tree canopy",210,28,94,0.823529,0.109804,0.368627,264379,0.4
"39",2,7240,841249,7240,4336060,"Laurentian-Acadian Hardwood Forest",7366,2240,"Tr Laurentian-Acadian Hardwood Forest","Tree","Hardwood",685,"Pine-Hemlock-Hardwood Forest","SAF 24: Hemlock-Yellow Birch","Tree-dominated","Closed tree canopy","Deciduous closed tree canopy",0,92,0,0,0.360784,0,187089,0.3
"40",27,7370,842942,7370,5668544,"Appalachian Hemlock Forest",7370,2370,"Tr Appalachian Hemlock Forest","Tree","Conifer",685,"Pine-Hemlock-Hardwood Forest","SAF 60: Sugar Maple-Beech","Tree-dominated","Closed tree canopy","Evergreen closed tree canopy",0,38,115,0,0.14902,0.45098,187466,0.3
"41",55,7906,928846,7906,9706092,"Eastern Cool Temperate Urban Evergreen Forest",7906,2914,"Dtc Urban Evergreen Forest","Tree","Developed",14,"Developed-Upland Evergreen Forest","LF 20: Developed","Tree-dominated","Open tree canopy","Evergreen open tree canopy",170,102,205,0.666667,0.4,0.803922,206570,0.3
"42",94,9118,862590,9118,2806852,"Laurentian-Acadian Freshwater Marsh",9118,2494,"Sh Laurentian-Acadian Shrub-Herbaceous Wetland Systems","Herb","Riparian",675,"Inland Marshes and Prairies","LF 44: Laurentian-Acadian Herbaceous Wetland","Herbaceous / Nonvascular-dominated","Herbaceous - grassland","Perennial graminoid grassland",255,92,38,1,0.360784,0.14902,191835,0.3
"43",96,9120,1148544,9120,7032276,"Laurentian-Acadian Wet Meadow",9120,2494,"Sh Laurentian-Acadian Shrub-Herbaceous Wetland Systems","Herb","Riparian",783,"Wet Meadow","LF 44: Laurentian-Acadian Herbaceous Wetland","Herbaceous / Nonvascular-dominated","Herbaceous - grassland","Perennial graminoid grassland",255,92,38,1,0.360784,0.14902,255430,0.3
"44",22,7314,608931,7314,6747714,"North-Central Interior Maple-Basswood Forest",7314,2314,"Tr North-Central Interior Maple-Basswood Forest","Tree","Hardwood",655,"Beech-Maple-Basswood Forest","SAF 26: Sugar Maple-Basswood","Tree-dominated","Closed tree canopy","Deciduous closed tree canopy",171,255,138,0.670588,1,0.541176,135423,0.2
"45",28,7373,735319,7373,30209166,"Acadian Low-Elevation Spruce-Fir Forest",7373,2373,"Tr Acadian Low-Elevation Spruce-Fir Forest","Tree","Conifer",693,"Spruce-Fir-Hardwood Forest","SAF 33: Red Spruce-Balsam Fir","Tree-dominated","Closed tree canopy","Evergreen closed tree canopy",186,54,14,0.729412,0.211765,0.054902,163531,0.2
"46",34,7395,517114,7395,902873,"North-Central Oak Barrens Woodland",7395,2395,"Tr North-Central Oak Barrens","Tree","Hardwood",663,"Black Oak Woodland and Savanna","SAF 14: Northern Pin Oak","Tree-dominated","Sparse tree canopy","Deciduous sparse tree canopy",44,127,163,0.172549,0.498039,0.639216,115003,0.2
"47",35,7407,562270,7407,936042,"Laurentian Pine Barrens",7407,2407,"Tr Laurentian Pine Barrens","Tree","Conifer",676,"Jack Pine Forest","SAF 15: Red Pine","Tree-dominated","Sparse tree canopy","Evergreen sparse tree canopy",174,245,224,0.682353,0.960784,0.878431,125046,0.2
"48",59,7925,756957,7925,6006981,"Eastern Cool Temperate Developed Deciduous Forest",7925,2908,"Dtd Developed Deciduous Forest","Tree","Developed",13,"Developed-Upland Deciduous Forest","LF 20: Developed","Tree-dominated","Open tree canopy","Deciduous open tree canopy",64,61,168,0.25098,0.239216,0.658824,168343,0.2
"49",67,7973,751716,7973,3650116,"Eastern Cool Temperate Row Crop - Close Grown Crop",7973,2963,"Da Row Crop - Close Grown Crop","Agriculture","Agricultural",63,"Agricultural-Row Crop-Close Grown Crop","LF 80: Agriculture","Herbaceous / Nonvascular-dominated","Herbaceous - grassland","Annual Graminoid/Forb",255,245,140,1,0.960784,0.54902,167178,0.2
"50",100,9177,665179,9177,2969635,"North-Central Interior and Appalachian Acidic Peatland Woodland",9177,2479,"Tr Central Interior and Appalachian Swamp Systems","Tree","Riparian",694,"Atlantic Swamp Forests","LF 72: Peatland Forests","Tree-dominated","Open tree canopy","Mixed evergreen-deciduous open tree canopy",0,92,0,0,0.360784,0,147932,0.2
"51",103,9180,558973,9180,3216266,"North-Central Interior Freshwater Marsh",9180,2493,"Sh Central Interior and Appalachian Shrub-Herbaceous Wetland Systems","Herb","Riparian",675,"Inland Marshes and Prairies","LF 45: Central Interior and Appalachian Herbaceous Wetland","Herbaceous / Nonvascular-dominated","Herbaceous - grassland","Perennial graminoid grassland",91,195,199,0.356863,0.764706,0.780392,124313,0.2
"52",108,9185,820351,9185,5264787,"Northern Appalachian-Acadian Conifer-Hardwood Acidic Swamp",9185,2526,"Tr Laurentian-Acadian Swamp Systems","Tree","Riparian",694,"Atlantic Swamp Forests","SAF 33: Red Spruce-Balsam Fir","Tree-dominated","Open tree canopy","Mixed evergreen-deciduous open tree canopy",186,54,14,0.729412,0.211765,0.054902,182442,0.2
"53",118,9317,771573,9317,14735207,"Northern & Central Ruderal Shrubland",9317,2568,"Sh Northern & Central Ruderal Meadow & Shrubland","Shrub","Exotic Tree-Shrub",706,"Introduced Upland Vegetation-Shrub","LF 52: Introduced Upland Vegetation - Shrub","Shrub-dominated","Shrubland","Deciduous shrubland",255,105,46,1,0.411765,0.180392,171594,0.2
"54",125,9620,711753,9620,3252715,"Laurentian-Acadian Shrub Swamp",9120,2494,"Sh Laurentian-Acadian Shrub-Herbaceous Wetland Systems","Shrub","Riparian",675,"Inland Marshes and Prairies","LF 44: Laurentian-Acadian Herbaceous Wetland","Shrub-dominated","Shrubland","Mixed evergreen-deciduous shrubland",255,92,38,1,0.360784,0.14902,158290,0.2
"55",129,9683,778514,9683,1852480,"North-Central Interior Wet Meadow",9183,2493,"Sh Central Interior and Appalachian Shrub-Herbaceous Wetland Systems","Herb","Riparian",675,"Inland Marshes and Prairies","LF 45: Central Interior and Appalachian Herbaceous Wetland","Herbaceous / Nonvascular-dominated","Herbaceous - grassland","Perennial graminoid",91,195,199,0.356863,0.764706,0.780392,173137,0.2
"56",11,7295,257568,7295,7352699,"Quarries-Strip Mines-Gravel Pits-Well and Wind Pads",7295,32,"Bab Quarries-Strip Mines-Gravel Pits-Well and Wind Pads","Barren","Quarries-Strip Mines-Gravel Pits-Well and Wind Pads",32,"Quarries-Strip Mines-Gravel Pits-Well and Wind Pads","LF 20: Developed","Non-vegetated","Non-vegetated","Developed",230,232,250,0.901961,0.909804,0.980392,57282,0.1
"57",29,7374,460361,7374,7707233,"Acadian-Appalachian Montane Spruce-Fir Forest",7374,2374,"Tr Acadian-Appalachian Montane Spruce-Fir Forest","Tree","Conifer-Hardwood",693,"Spruce-Fir-Hardwood Forest","SAF 33: Red Spruce-Balsam Fir","Tree-dominated","Closed tree canopy","Mixed evergreen-deciduous closed tree canopy",186,54,14,0.729412,0.211765,0.054902,102382,0.1
"58",44,7466,190639,7466,191581,"Great Lakes Wooded Dune and Swale",7466,2466,"Tr Great Lakes Wooded Dune and Swale","Tree","Riparian",675,"Inland Marshes and Prairies","SAF 1: Jack Pine","Tree-dominated","Open tree canopy","Mixed evergreen-deciduous open tree canopy",174,245,224,0.682353,0.960784,0.878431,42397,0.1
"59",49,7518,327419,7518,769367,"North-Central Interior Wet Flatwoods",7518,2518,"Tr North-Central Interior Wet Flatwoods","Tree","Riparian",673,"Hardwood Flatwoods","SAF 65: Pin Oak-Sweetgum","Tree-dominated","Open tree canopy","Deciduous open tree canopy",145,255,115,0.568627,1,0.45098,72816,0.1
"60",50,7554,433565,7554,2848108,"Acadian Low-Elevation Hardwood Forest",7373,2554,"Tr Acadian Low-Elevation Hardwood Forest","Tree","Hardwood",693,"Spruce-Fir-Hardwood Forest","SAF 33: Red Spruce-Balsam Fir","Tree-dominated","Closed tree canopy","Deciduous closed tree canopy",186,54,14,0.729412,0.211765,0.054902,96423,0.1
"61",51,7555,193269,7555,45112229,"Acadian Low-Elevation Spruce-Fir-Hardwood Forest",7373,2555,"Tr Acadian Low-Elevation Spruce-Fir-Hardwood Forest","Tree","Conifer-Hardwood",693,"Spruce-Fir-Hardwood Forest","SAF 33: Red Spruce-Balsam Fir","Tree-dominated","Closed tree canopy","Mixed evergreen-deciduous closed tree canopy",186,54,14,0.729412,0.211765,0.054902,42982,0.1
"62",60,7926,313715,7926,2395984,"Eastern Cool Temperate Developed Evergreen Forest",7926,2909,"Dtc Developed Evergreen Forest","Tree","Developed",14,"Developed-Upland Evergreen Forest","LF 20: Developed","Tree-dominated","Open tree canopy","Evergreen open tree canopy",102,119,205,0.4,0.466667,0.803922,69769,0.1
"63",61,7927,465494,7927,4783404,"Eastern Cool Temperate Developed Mixed Forest",7927,2910,"Dtm Developed Mixed Deciduous-Evergreen Forest","Tree","Developed",15,"Developed-Upland Mixed Forest","LF 20: Developed","Tree-dominated","Open tree canopy","Mixed evergreen-deciduous open tree canopy",68,79,137,0.266667,0.309804,0.537255,103523,0.1
"64",63,7929,498035,7929,4145420,"Eastern Cool Temperate Developed Herbaceous",7929,2911,"Dgr Developed Herbaceous","Herb","Developed",16,"Developed-Upland Herbaceous","LF 20: Developed","Herbaceous / Nonvascular-dominated","Herbaceous - grassland","Perennial graminoid",158,170,215,0.619608,0.666667,0.843137,110760,0.1
"65",65,7971,351961,7971,377110,"Eastern Cool Temperate Vineyard",7971,2961,"Da Vineyard","Agriculture","Agricultural",61,"Agricultural-Vineyard","LF 80: Agriculture","Shrub-dominated","Shrubland","Mixed evergreen-deciduous shrubland",168,0,132,0.658824,0,0.517647,78274,0.1
"66",66,7972,205027,7972,632664,"Eastern Cool Temperate Bush fruit and berries",7972,2962,"Dab Bush Fruit and Berries","Shrub","Agricultural",62,"Agricultural-Bush fruit and berries","LF 80: Agriculture","Shrub-dominated","Shrubland","Mixed evergreen-deciduous shrubland",210,28,119,0.823529,0.109804,0.466667,45597,0.1
"67",75,9055,327669,9055,1476550,"Boreal-Laurentian Bog",9055,2477,"Tr Boreal Acidic Peatland Systems","Shrub","Riparian",683,"Peatland Forests","SAF 13: Black Spruce-Tamarack","Shrub-dominated","Shrubland","Mixed evergreen-deciduous shrubland",186,163,119,0.729412,0.639216,0.466667,72872,0.1
"68",77,9057,235095,9057,1622012,"Boreal-Laurentian-Acadian Acidic Basin Fen",9057,2494,"Sh Laurentian-Acadian Shrub-Herbaceous Wetland Systems","Shrub","Riparian",675,"Inland Marshes and Prairies","LF 44: Laurentian-Acadian Herbaceous Wetland","Shrub-dominated","Shrubland","Mixed evergreen-deciduous shrubland",255,92,38,1,0.360784,0.14902,52284,0.1
"69",81,9088,208713,9088,878108,"Laurentian-Acadian Sub-boreal Dry-Mesic Pine-Black Spruce Forest",9088,2344,"Tr Boreal Jack Pine-Black Spruce Forest","Tree","Conifer",676,"Jack Pine Forest","SAF 1: Jack Pine","Tree-dominated","Closed tree canopy","Evergreen closed tree canopy",174,245,224,0.682353,0.960784,0.878431,46417,0.1
"70",97,9174,443621,9174,3626497,"North-Central Appalachian Acidic Swamp",9174,2479,"Tr Central Interior and Appalachian Swamp Systems","Tree","Riparian",694,"Atlantic Swamp Forests","LF 72: Peatland Forests","Tree-dominated","Open tree canopy","Mixed evergreen-deciduous open tree canopy",0,92,0,0,0.360784,0,98659,0.1
"71",106,9183,299002,9183,674351,"North-Central Interior Shrub Swamp",9183,2493,"Sh Central Interior and Appalachian Shrub-Herbaceous Wetland Systems","Shrub","Riparian",675,"Inland Marshes and Prairies","LF 45: Central Interior and Appalachian Herbaceous Wetland","Shrub-dominated","Shrubland","Mixed evergreen-deciduous shrubland",91,195,199,0.356863,0.764706,0.780392,66496,0.1
"72",116,9314,500359,9314,2172532,"Northern & Central Native Ruderal Flooded & Swamp Forest",9314,2565,"Tr Northern & Central Native Ruderal Flooded & Swamp Forest","Tree","Riparian",740,"Ruderal Forest","LF 53: Ruderal Forest","Tree-dominated","Closed tree canopy","Mixed evergreen-deciduous closed tree canopy",255,105,46,1,0.411765,0.180392,111277,0.1
"73",119,9318,493555,9318,3607567,"Northern & Central Ruderal Wet Meadow & Marsh",9318,2569,"He Northern & Central Ruderal Wet Meadow & Marsh","Herb","Riparian",709,"Introduced Herbaceous Wetland Vegetation","LF 59: Introduced Herbaceous Wetland and Riparian Vegetation","Herbaceous / Nonvascular-dominated","Herbaceous - grassland","Perennial graminoid grassland",255,105,46,1,0.411765,0.180392,109764,0.1
"74",4,7242,132321,7242,394116,"Laurentian Oak Barrens",7407,2242,"Tr Laurentian Oak Barrens","Tree","Hardwood",676,"Jack Pine Forest","SAF 15: Red Pine","Tree-dominated","Sparse tree canopy","Deciduous sparse tree canopy",174,245,224,0.682353,0.960784,0.878431,29427,0
"75",5,7243,41408,7243,208705,"Laurentian Pine-Oak Barrens",7407,2243,"Tr Laurentian Pine-Oak Barrens","Tree","Conifer-Hardwood",676,"Jack Pine Forest","SAF 15: Red Pine","Tree-dominated","Sparse tree canopy","Mixed evergreen-deciduous sparse tree canopy",174,245,224,0.682353,0.960784,0.878431,9209,0
"76",6,7272,2813,7272,14784,"Eastern Boreal Floodplain Shrubland",7444,2444,"Tr Eastern Boreal Floodplain","Shrub","Riparian",666,"Eastern Floodplain Forests","SAF 39: Black Ash-American Elm-Red Maple","Shrub-dominated","Shrubland","Mixed evergreen-deciduous shrubland",50,137,168,0.196078,0.537255,0.658824,626,0
"77",7,7288,3,7288,7300,"Acadian-Appalachian Alpine Tundra Meadow",7386,2386,"Sh Acadian-Appalachian Alpine Tundra","Herb","Grassland",651,"Alpine-Subalpine Barrens","LF 55: Appalachian Grass and Shrub Balds","Herbaceous / Nonvascular-dominated","Herbaceous - grassland","Perennial graminoid",82,52,34,0.321569,0.203922,0.133333,1,0
"78",8,7289,3175,7289,75779,"Acadian-Appalachian Subalpine Heath-Krummholz",7389,2389,"Tr Acadian-Appalachian Subalpine Woodland and Heath-Krummholz","Shrub","Shrubland",651,"Alpine-Subalpine Barrens","LF 55: Appalachian Grass and Shrub Balds","Shrub-dominated","Shrubland","Mixed evergreen-deciduous shrubland",82,52,34,0.321569,0.203922,0.133333,706,0
"79",9,7290,29845,7290,65542,"North-Central Oak Barrens Herbaceous",7395,2395,"Tr North-Central Oak Barrens","Herb","Grassland",663,"Black Oak Woodland and Savanna","SAF 14: Northern Pin Oak","Herbaceous / Nonvascular-dominated","Herbaceous - grassland","Perennial graminoid",44,127,163,0.172549,0.498039,0.639216,6637,0
"80",23,7354,29548,7354,193429,"Northeastern Interior Pine Barrens",7354,2354,"Tr Northeastern Interior Pine Barrens","Tree","Conifer",686,"Pitch Pine Woodlands","SAF 45: Pitch Pine","Tree-dominated","Open tree canopy","Evergreen open tree canopy",116,214,204,0.454902,0.839216,0.8,6571,0
"81",26,7369,4,7369,1978379,"Central Appalachian Dry Pine Forest",7369,2369,"Tr Central Appalachian Dry Pine Forest","Tree","Conifer",664,"Chestnut Oak-Virginia Pine Forest and Woodland","SAF 44: Chestnut Oak","Tree-dominated","Closed tree canopy","Evergreen closed tree canopy",13,69,133,0.05098,0.270588,0.521569,1,0
"82",30,7377,59,7377,1063087,"Central Appalachian Pine Rocky Woodland",7377,2377,"Tr Central Appalachian Rocky Pine Woodland","Tree","Conifer",664,"Chestnut Oak-Virginia Pine Forest and Woodland","SAF 44: Chestnut Oak","Tree-dominated","Open tree canopy","Evergreen open tree canopy",13,69,133,0.05098,0.270588,0.521569,13,0
"83",31,7386,6,7386,19251,"Acadian-Appalachian Alpine Tundra Shrubland",7386,2386,"Sh Acadian-Appalachian Alpine Tundra","Shrub","Shrubland",651,"Alpine-Subalpine Barrens","LF 55: Appalachian Grass and Shrub Balds","Shrub-dominated","Dwarf-shrubland","Mixed evergreen-deciduous dwarf-shrubland",82,52,34,0.321569,0.203922,0.133333,1,0
"84",32,7389,2595,7389,103095,"Acadian-Appalachian Subalpine Woodland",7389,2389,"Tr Acadian-Appalachian Subalpine Woodland and Heath-Krummholz","Tree","Conifer",651,"Alpine-Subalpine Barrens","LF 55: Appalachian Grass and Shrub Balds","Tree-dominated","Open tree canopy","Evergreen open tree canopy",82,52,34,0.321569,0.203922,0.133333,577,0
"85",33,7394,3538,7394,11508,"North-Central Interior Oak Savanna",7394,2394,"Tr North-Central Interior Oak Savanna","Tree","Hardwood",659,"Bur Oak Woodland and Savanna","SAF 42: Bur Oak","Tree-dominated","Sparse tree canopy","Deciduous sparse tree canopy",6,53,122,0.023529,0.207843,0.478431,787,0
"86",36,7409,14735,7409,15479,"Great Lakes Alvar",7409,2409,"He Great Lakes Alvar","Herb","Grassland",671,"Great Lakes Alvar","SAF 37: Northern White-Cedar","Herbaceous / Nonvascular-dominated","Herbaceous - shrub-steppe","Perennial graminoid steppe",216,216,191,0.847059,0.847059,0.74902,3277,0
"87",37,7411,33839,7411,37431,"Great Lakes Wet-Mesic Lakeplain Prairie",7411,2411,"He Great Lakes Wet-Mesic Lakeplain Prairie","Herb","Riparian",675,"Inland Marshes and Prairies","LF 44: Laurentian-Acadian Herbaceous Wetland","Herbaceous / Nonvascular-dominated","Herbaceous - grassland","Perennial graminoid grassland",255,92,38,1,0.360784,0.14902,7526,0
"88",38,7412,32692,7412,285319,"North-Central Interior Sand and Gravel Tallgrass Prairie",7412,2412,"He North-Central Interior Sand and Gravel Tallgrass Prairie","Herb","Grassland",649,"Tallgrass Prairie","SRM 601: Bluestem Prairie","Herbaceous / Nonvascular-dominated","Herbaceous - grassland","Perennial graminoid grassland",255,137,64,1,0.537255,0.25098,7271,0
"89",39,7421,25798,7421,8761657,"Central Tallgrass Prairie",7421,2421,"He Central Tallgrass Prairie","Herb","Grassland",649,"Tallgrass Prairie","SRM 601: Bluestem Prairie","Herbaceous / Nonvascular-dominated","Herbaceous - grassland","Perennial graminoid grassland",255,137,64,1,0.537255,0.25098,5737,0
"90",40,7444,12770,7444,88078,"Eastern Boreal Floodplain Woodland",7444,2444,"Tr Eastern Boreal Floodplain","Tree","Riparian",666,"Eastern Floodplain Forests","SAF 39: Black Ash-American Elm-Red Maple","Tree-dominated","Open tree canopy","Deciduous open tree canopy",50,137,168,0.196078,0.537255,0.658824,2840,0
"91",41,7463,35,7463,10404899,"Central Appalachian Dry Oak Forest",7369,2463,"Tr Central Appalachian Dry Oak Forest","Tree","Hardwood",664,"Chestnut Oak-Virginia Pine Forest and Woodland","SAF 44: Chestnut Oak","Tree-dominated","Closed tree canopy","Mixed evergreen-deciduous closed tree canopy",13,69,133,0.05098,0.270588,0.521569,8,0
"92",42,7464,6614,7464,11521,"Acadian Sub-Boreal Spruce Barrens",7464,2464,"Tr Acadian Near-Boreal Spruce Barrens","Tree","Conifer",692,"Spruce Flats and Barrens","SAF 13: Black Spruce-Tamarack","Tree-dominated","Open tree canopy","Evergreen open tree canopy",186,163,119,0.729412,0.639216,0.466667,1471,0
"93",43,7465,98971,7465,746137,"Acadian Sub-Boreal Spruce Flat",7465,2465,"Tr Acadian Sub-Boreal Spruce Flat","Tree","Conifer",692,"Spruce Flats and Barrens","SAF 33: Red Spruce-Balsam Fir","Tree-dominated","Closed tree canopy","Evergreen closed tree canopy",186,54,14,0.729412,0.211765,0.054902,22011,0
"94",46,7502,17,7502,4690175,"Central Appalachian Dry Oak-Pine Forest",7369,2502,"Tr Central Appalachian Dry Oak-Pine Forest","Tree","Conifer-Hardwood",664,"Chestnut Oak-Virginia Pine Forest and Woodland","SAF 44: Chestnut Oak","Tree-dominated","Closed tree canopy","Mixed evergreen-deciduous closed tree canopy",13,69,133,0.05098,0.270588,0.521569,4,0
"95",52,7556,92,7556,3389320,"Central Appalachian Oak Rocky Woodland",7377,2556,"Tr Central Appalachian Rocky Oak Woodland","Tree","Hardwood",664,"Chestnut Oak-Virginia Pine Forest and Woodland","SAF 44: Chestnut Oak","Tree-dominated","Open tree canopy","Mixed evergreen-deciduous open tree canopy",13,69,133,0.05098,0.270588,0.521569,20,0
"96",53,7557,28,7557,2058370,"Central Appalachian Pine-Oak Rocky Woodland",7377,2557,"Tr Central Appalachian Rocky Pine-Oak Woodland","Tree","Conifer-Hardwood",664,"Chestnut Oak-Virginia Pine Forest and Woodland","SAF 44: Chestnut Oak","Tree-dominated","Open tree canopy","Mixed evergreen-deciduous open tree canopy",13,69,133,0.05098,0.270588,0.521569,6,0
"97",62,7928,76999,7928,361720,"Eastern Cool Temperate Developed Shrubland",7928,2912,"Dsh Developed Shrubland","Shrub","Developed",17,"Developed-Upland Shrubland","LF 20: Developed","Shrub-dominated","Shrubland","Mixed evergreen-deciduous shrubland",122,142,245,0.478431,0.556863,0.960784,17124,0
"98",73,7979,2431,7979,3816,"Eastern Cool Temperate Aquaculture",7979,2969,"Da Aquaculture","Agriculture","Agricultural",69,"Agricultural-Aquaculture","LF 80: Agriculture","Herbaceous / Nonvascular-dominated","Herbaceous - grassland","Annual Graminoid/Forb",210,255,237,0.823529,1,0.929412,541,0
"99",74,9039,1161,9039,518680,"Acadian-Appalachian Conifer Seepage Forest",9039,2526,"Tr Laurentian-Acadian Swamp Systems","Tree","Riparian",694,"Atlantic Swamp Forests","SAF 33: Red Spruce-Balsam Fir","Tree-dominated","Open tree canopy","Evergreen open tree canopy",186,54,14,0.729412,0.211765,0.054902,258,0
"100",78,9060,64217,9060,2601988,"Central Appalachian Stream and Riparian Woodland",9060,2472,"Tr Central Interior and Appalachian Riparian Systems","Tree","Riparian",668,"Eastern Small Stream Riparian Forests","SAF 61: River Birch-Sycamore","Tree-dominated","Open tree canopy","Mixed evergreen-deciduous open tree canopy",0,92,0,0,0.360784,0,14282,0
"101",79,9064,37,9064,15151,"Central Interior Acidic Cliff and Talus",9064,2497,"Sps Central Interior and Appalachian Sparsely Vegetated Systems","Sparse","Sparsely Vegetated",700,"Sparse Vegetation","LF 33: Sparsely Vegetated","No Dominant Lifeform","Sparsely vegetated","Sparsely vegetated",100,100,100,0.392157,0.392157,0.392157,8,0
"102",80,9065,2,9065,8185,"Central Interior Calcareous Cliff and Talus",9065,2497,"Sps Central Interior and Appalachian Sparsely Vegetated Systems","Sparse","Sparsely Vegetated",700,"Sparse Vegetation","LF 33: Sparsely Vegetated","No Dominant Lifeform","Sparsely vegetated","Sparsely vegetated",100,100,100,0.392157,0.392157,0.392157,0,0
"103",83,9099,178,9099,455,"Great Lakes Acidic Rocky Shore and Cliff",9099,2499,"Sps Laurentian-Acadian Sparsely Vegetated Systems","Sparse","Sparsely Vegetated",700,"Sparse Vegetation","LF 33: Sparsely Vegetated","No Dominant Lifeform","Sparsely vegetated","Sparsely vegetated",100,100,100,0.392157,0.392157,0.392157,40,0
"104",84,9100,749,9100,1300,"Great Lakes Alkaline Rocky Shore and Cliff",9100,2499,"Sps Laurentian-Acadian Sparsely Vegetated Systems","Sparse","Sparsely Vegetated",700,"Sparse Vegetation","LF 33: Sparsely Vegetated","No Dominant Lifeform","Sparsely vegetated","Sparsely vegetated",100,100,100,0.392157,0.392157,0.392157,167,0
"105",85,9101,65488,9101,73212,"Great Lakes Dune",9101,2499,"Sps Laurentian-Acadian Sparsely Vegetated Systems","Sparse","Sparsely Vegetated",700,"Sparse Vegetation","LF 33: Sparsely Vegetated","No Dominant Lifeform","Sparsely vegetated","Sparsely vegetated",100,100,100,0.392157,0.392157,0.392157,14564,0
"106",86,9102,19608,9102,20311,"Great Lakes Freshwater Estuary and Delta",9102,2492,"He Great Lakes Coastal Marsh Systems","Herb","Riparian",675,"Inland Marshes and Prairies","LF 44: Laurentian-Acadian Herbaceous Wetland","Herbaceous / Nonvascular-dominated","Herbaceous - grassland","Perennial graminoid grassland",255,92,38,1,0.360784,0.14902,4361,0
"107",87,9111,15110,9111,15478,"Laurentian Acidic Rocky Outcrop Woodland",9111,2559,"Tr Laurentian Acidic Rocky Outcrop","Tree","Conifer",676,"Jack Pine Forest","SAF 15: Red Pine","Tree-dominated","Sparse tree canopy","Evergreen sparse tree canopy",174,245,224,0.682353,0.960784,0.878431,3360,0
"108",89,9113,456,9113,3043880,"Laurentian-Acadian Acidic Cliff and Talus",9113,2499,"Sps Laurentian-Acadian Sparsely Vegetated Systems","Sparse","Sparsely Vegetated",700,"Sparse Vegetation","LF 33: Sparsely Vegetated","No Dominant Lifeform","Sparsely vegetated","Sparsely vegetated",100,100,100,0.392157,0.392157,0.392157,101,0
"109",90,9114,121835,9114,929490,"Laurentian-Acadian Alkaline Fen",9114,2494,"Sh Laurentian-Acadian Shrub-Herbaceous Wetland Systems","Shrub","Riparian",675,"Inland Marshes and Prairies","LF 44: Laurentian-Acadian Herbaceous Wetland","Shrub-dominated","Shrubland","Mixed evergreen-deciduous shrubland",255,92,38,1,0.360784,0.14902,27095,0
"110",91,9115,42,9115,97,"Laurentian-Acadian Calcareous Cliff and Talus",9115,2499,"Sps Laurentian-Acadian Sparsely Vegetated Systems","Sparse","Sparsely Vegetated",700,"Sparse Vegetation","LF 33: Sparsely Vegetated","No Dominant Lifeform","Sparsely vegetated","Sparsely vegetated",100,100,100,0.392157,0.392157,0.392157,9,0
"111",92,9116,32054,9116,48407,"Laurentian-Acadian Calcareous Rocky Outcrop Woodland",9116,2543,"Tr Laurentian-Acadian Calcareous Rocky Outcrop","Tree","Conifer-Hardwood",670,"Glades and Barrens","SAF 37: Northern White-Cedar","Tree-dominated","Open tree canopy","Mixed evergreen-deciduous open tree canopy",216,216,191,0.847059,0.847059,0.74902,7129,0
"112",95,9119,559,9119,2348,"Laurentian-Acadian Lakeshore Beach",9119,2499,"Sps Laurentian-Acadian Sparsely Vegetated Systems","Sparse","Sparsely Vegetated",700,"Sparse Vegetation","LF 33: Sparsely Vegetated","No Dominant Lifeform","Sparsely vegetated","Sparsely vegetated",100,100,100,0.392157,0.392157,0.392157,124,0
"113",98,9175,8,9175,96,"North-Central Appalachian Circumneutral Cliff and Talus",9175,2497,"Sps Central Interior and Appalachian Sparsely Vegetated Systems","Sparse","Sparsely Vegetated",700,"Sparse Vegetation","LF 33: Sparsely Vegetated","No Dominant Lifeform","Sparsely vegetated","Sparsely vegetated",100,100,100,0.392157,0.392157,0.392157,2,0
"114",99,9176,16246,9176,162653,"North-Central Appalachian Seepage Fen",9176,2493,"Sh Central Interior and Appalachian Shrub-Herbaceous Wetland Systems","Herb","Riparian",675,"Inland Marshes and Prairies","LF 45: Central Interior and Appalachian Herbaceous Wetland","Herbaceous / Nonvascular-dominated","Herbaceous - grassland","Perennial graminoid grassland",91,195,199,0.356863,0.764706,0.780392,3613,0
"115",104,9181,45,9181,68,"North-Central Interior Quartzite Glade",9181,2560,"Tr North-Central Interior Quartzite Glade","Tree","Conifer-Hardwood",670,"Glades and Barrens","SAF 52: White Oak-Black Oak-Northern Red Oak","Tree-dominated","Open tree canopy","Mixed evergreen-deciduous open tree canopy",85,187,194,0.333333,0.733333,0.760784,10,0
"116",105,9182,111164,9182,177438,"North-Central Interior Shrub Alkaline Fen",9182,2493,"Sh Central Interior and Appalachian Shrub-Herbaceous Wetland Systems","Shrub","Riparian",675,"Inland Marshes and Prairies","LF 45: Central Interior and Appalachian Herbaceous Wetland","Shrub-dominated","Shrubland","Mixed evergreen-deciduous shrubland",91,195,199,0.356863,0.764706,0.780392,24722,0
"117",107,9184,139,9184,140,"Northeastern Erosional Bluff",9184,2499,"Sps Laurentian-Acadian Sparsely Vegetated Systems","Sparse","Sparsely Vegetated",700,"Sparse Vegetation","LF 33: Sparsely Vegetated","No Dominant Lifeform","Sparsely vegetated","Sparsely vegetated",100,100,100,0.392157,0.392157,0.392157,31,0
"118",109,9186,1365,9186,64228,"Northern Appalachian-Acadian Rocky Heath Outcrop Woodland",9186,2558,"Tr Northern Appalachian-Acadian Rocky Heath Outcrop","Tree","Conifer",651,"Alpine-Subalpine Barrens","LF 55: Appalachian Grass and Shrub Balds","Tree-dominated","Open tree canopy","Evergreen open tree canopy",82,52,34,0.321569,0.203922,0.133333,304,0
"119",110,9192,5259,9192,65924,"Northern Atlantic Coastal Plain Pond",9192,2474,"Tr Gulf and Atlantic Coastal Plain Small Stream Riparian Systems","Herb","Riparian",668,"Eastern Small Stream Riparian Forests","SAF 92: Sweetgum-Willow Oak","Herbaceous / Nonvascular-dominated","Herbaceous - grassland","Perennial graminoid",145,255,115,0.568627,1,0.45098,1170,0
"120",111,9202,137325,9202,210480,"Northern Great Lakes Coastal Marsh",9202,2492,"He Great Lakes Coastal Marsh Systems","Herb","Riparian",675,"Inland Marshes and Prairies","LF 44: Laurentian-Acadian Herbaceous Wetland","Herbaceous / Nonvascular-dominated","Herbaceous - grassland","Perennial graminoid grassland",255,92,38,1,0.360784,0.14902,30540,0
"121",112,9203,26565,9203,30726,"Northern Great Lakes Interdunal Wetland",9203,2492,"He Great Lakes Coastal Marsh Systems","Herb","Riparian",675,"Inland Marshes and Prairies","LF 44: Laurentian-Acadian Herbaceous Wetland","Herbaceous / Nonvascular-dominated","Herbaceous - grassland","Perennial graminoid grassland",255,92,38,1,0.360784,0.14902,5908,0
"122",113,9288,1,9288,1696165,"Northeastern Interior Calcareous Oak Forest",9288,2359,"Tr Northeastern Interior Calcareous Oak Forest","Tree","Hardwood",660,"White Oak-Red Oak-Hickory Forest and Woodland","SAF 52: White Oak-Black Oak-Northern Red Oak","Tree-dominated","Closed tree canopy","Deciduous closed tree canopy",85,187,194,0.333333,0.733333,0.760784,0,0
"123",114,9295,47393,9295,232881,"Laurentian-Acadian Sub-boreal Dry-Mesic Pine-Black Spruce-Hardwood Forest",9088,2544,"Tr Boreal Jack Pine-Black Spruce-Hardwood Forest","Tree","Conifer-Hardwood",676,"Jack Pine Forest","SAF 1: Jack Pine","Tree-dominated","Closed tree canopy","Mixed evergreen-deciduous closed tree canopy",174,245,224,0.682353,0.960784,0.878431,10540,0
"124",120,9560,8157,9560,73339,"Central Appalachian Stream and Riparian Shrubland",9060,2472,"Tr Central Interior and Appalachian Riparian Systems","Shrub","Riparian",668,"Eastern Small Stream Riparian Forests","SAF 61: River Birch-Sycamore","Shrub-dominated","Shrubland","Mixed evergreen-deciduous shrubland",0,92,0,0,0.360784,0,1814,0
"125",121,9601,20109,9601,22514,"Great Lakes Dune Grassland",9101,2251,"He Great Lakes Dune Grassland","Herb","Grassland",654,"Atlantic Dunes and Grasslands","LF 57: Dunes and Maritime Grasslands","Herbaceous / Nonvascular-dominated","Herbaceous - grassland","Perennial graminoid grassland",255,98,41,1,0.384314,0.160784,4472,0
"126",122,9611,1396,9611,1472,"Laurentian Acidic Rocky Outcrop Shrubland",9111,2559,"Tr Laurentian Acidic Rocky Outcrop","Shrub","Shrubland",676,"Jack Pine Forest","SAF 15: Red Pine","Shrub-dominated","Shrubland","Evergreen shrubland",174,245,224,0.682353,0.960784,0.878431,310,0
"127",123,9616,1430,9616,1555,"Laurentian-Acadian Calcareous Rocky Outcrop Shrubland",9116,2543,"Tr Laurentian-Acadian Calcareous Rocky Outcrop","Shrub","Shrubland",670,"Glades and Barrens","SAF 37: Northern White-Cedar","Shrub-dominated","Shrubland","Mixed evergreen-deciduous shrubland",216,216,191,0.847059,0.847059,0.74902,318,0
"128",124,9617,76634,9617,248638,"Laurentian-Acadian Floodplain Shrubland",9117,2475,"Tr Laurentian-Acadian Floodplain Systems","Shrub","Riparian",666,"Eastern Floodplain Forests","SAF 39: Black Ash-American Elm-Red Maple","Shrub-dominated","Shrubland","Mixed evergreen-deciduous shrubland",50,137,168,0.196078,0.537255,0.658824,17043,0
"129",126,9677,27367,9677,253212,"North-Central Interior and Appalachian Acidic Peatland Shrubland",9177,2479,"Tr Central Interior and Appalachian Swamp Systems","Shrub","Riparian",694,"Atlantic Swamp Forests","SAF 61: River Birch-Sycamore","Shrub-dominated","Shrubland","Mixed evergreen-deciduous shrubland",0,92,0,0,0.360784,0,6086,0
"130",127,9679,24150,9679,139909,"North-Central Interior Floodplain Shrubland",9179,2471,"Tr Central Interior and Appalachian Floodplain Systems","Shrub","Riparian",666,"Eastern Floodplain Forests","SAF 61: River Birch-Sycamore","Shrub-dominated","Shrubland","Mixed evergreen-deciduous shrubland",0,92,0,0,0.360784,0,5371,0
"131",128,9682,27100,9682,88724,"North-Central Interior Graminoid Alkaline Fen",9182,2493,"Sh Central Interior and Appalachian Shrub-Herbaceous Wetland Systems","Herb","Riparian",675,"Inland Marshes and Prairies","LF 45: Central Interior and Appalachian Herbaceous Wetland","Herbaceous / Nonvascular-dominated","Herbaceous - grassland","Perennial graminoid",91,195,199,0.356863,0.764706,0.780392,6027,0
"132",130,9686,320,9686,22511,"Northern Appalachian-Acadian Rocky Heath Outcrop Shrubland",9186,2558,"Tr Northern Appalachian-Acadian Rocky Heath Outcrop","Shrub","Shrubland",651,"Alpine-Subalpine Barrens","LF 55: Appalachian Grass and Shrub Balds","Shrub-dominated","Shrubland","Mixed evergreen-deciduous shrubland",82,52,34,0.321569,0.203922,0.133333,71,0
